﻿VariableName,VarUnits,SampleMedium,DataType,ValueType,TimeSupport,TimeUnits,Speciation,SiteName,SiteCode,Latitude,Longitude,GeneralCategory,NoDataValue
"Oxygen, dissolved",milligrams per liter,Surface water,Continuous,Unknown,0,day,Unknown,Fort Point Channel 154,MWRA:154,42.355165,-71.049459,Water Quality,-9999
UTCTimeStamp,LocalTimestamp,UTCOffset,Value,MethodDescription,QualityControlLevel,ValueAccuracy,CensorCode,OffsetValue,OffsetDescription,OffsetUnit,Qualifier,QualifierDescription,SourceDescription,SourceLink,Citation
1998-09-09 00:00:00,1998-09-09 00:00:00,0,5.7,The measurement was taken at river bottom. The Massachusetts Water Resources Authority's (MWRA) has been monitoring water quality in Boston Harbor and its tributary rivers since 1989. Collecting long-term water quality data helps to identify changes in,Quality_Controlled,0,nc,0,,,,,Massachusetts Water Resources Authority,http://www.mwra.state.ma.us/,"These data have not yet been published in the primary scientific literature and are the product of work by a number of scientists, many of whom have papers in preparation. Therefore, these data must not be used for publication without consulting first with MWRA's Environmental Quality Department at web.enquad@mwra.state.ma.us (or phone: 617-788-4941). Please convey this information to all who use the data."
1998-09-10 00:00:00,1998-09-10 00:00:00,0,6.32,The measurement was taken at river bottom. The Massachusetts Water Resources Authority's (MWRA) has been monitoring water quality in Boston Harbor and its tributary rivers since 1989. Collecting long-term water quality data helps to identify changes in,Quality_Controlled,0,nc,0,,,,,Massachusetts Water Resources Authority,http://www.mwra.state.ma.us/,"These data have not yet been published in the primary scientific literature and are the product of work by a number of scientists, many of whom have papers in preparation. Therefore, these data must not be used for publication without consulting first with MWRA's Environmental Quality Department at web.enquad@mwra.state.ma.us (or phone: 617-788-4941). Please convey this information to all who use the data."
2007-09-19 00:00:00,2007-09-19 00:00:00,0,6.94,The measurement was taken at river bottom. The Massachusetts Water Resources Authority's (MWRA) has been monitoring water quality in Boston Harbor and its tributary rivers since 1989. Collecting long-term water quality data helps to identify changes in,Quality_Controlled,0,nc,0,,,,,Massachusetts Water Resources Authority,http://www.mwra.state.ma.us/,"These data have not yet been published in the primary scientific literature and are the product of work by a number of scientists, many of whom have papers in preparation. Therefore, these data must not be used for publication without consulting first with MWRA's Environmental Quality Department at web.enquad@mwra.state.ma.us (or phone: 617-788-4941). Please convey this information to all who use the data."
2007-10-12 00:00:00,2007-10-12 00:00:00,0,6.75,The measurement was taken at river bottom. The Massachusetts Water Resources Authority's (MWRA) has been monitoring water quality in Boston Harbor and its tributary rivers since 1989. Collecting long-term water quality data helps to identify changes in,Quality_Controlled,0,nc,0,,,,,Massachusetts Water Resources Authority,http://www.mwra.state.ma.us/,"These data have not yet been published in the primary scientific literature and are the product of work by a number of scientists, many of whom have papers in preparation. Therefore, these data must not be used for publication without consulting first with MWRA's Environmental Quality Department at web.enquad@mwra.state.ma.us (or phone: 617-788-4941). Please convey this information to all who use the data."
2007-11-07 00:00:00,2007-11-07 00:00:00,0,7.96,The measurement was taken at river bottom. The Massachusetts Water Resources Authority's (MWRA) has been monitoring water quality in Boston Harbor and its tributary rivers since 1989. Collecting long-term water quality data helps to identify changes in,Quality_Controlled,0,nc,0,,,,,Massachusetts Water Resources Authority,http://www.mwra.state.ma.us/,"These data have not yet been published in the primary scientific literature and are the product of work by a number of scientists, many of whom have papers in preparation. Therefore, these data must not be used for publication without consulting first with MWRA's Environmental Quality Department at web.enquad@mwra.state.ma.us (or phone: 617-788-4941). Please convey this information to all who use the data."
2007-11-16 00:00:00,2007-11-16 00:00:00,0,9.07,The measurement was taken at river bottom. The Massachusetts Water Resources Authority's (MWRA) has been monitoring water quality in Boston Harbor and its tributary rivers since 1989. Collecting long-term water quality data helps to identify changes in,Quality_Controlled,0,nc,0,,,,,Massachusetts Water Resources Authority,http://www.mwra.state.ma.us/,"These data have not yet been published in the primary scientific literature and are the product of work by a number of scientists, many of whom have papers in preparation. Therefore, these data must not be used for publication without consulting first with MWRA's Environmental Quality Department at web.enquad@mwra.state.ma.us (or phone: 617-788-4941). Please convey this information to all who use the data."
2007-12-03 00:00:00,2007-12-03 00:00:00,0,9.35,The measurement was taken at river bottom. The Massachusetts Water Resources Authority's (MWRA) has been monitoring water quality in Boston Harbor and its tributary rivers since 1989. Collecting long-term water quality data helps to identify changes in,Quality_Controlled,0,nc,0,,,,,Massachusetts Water Resources Authority,http://www.mwra.state.ma.us/,"These data have not yet been published in the primary scientific literature and are the product of work by a number of scientists, many of whom have papers in preparation. Therefore, these data must not be used for publication without consulting first with MWRA's Environmental Quality Department at web.enquad@mwra.state.ma.us (or phone: 617-788-4941). Please convey this information to all who use the data."
2007-12-17 00:00:00,2007-12-17 00:00:00,0,9.39,The measurement was taken at river bottom. The Massachusetts Water Resources Authority's (MWRA) has been monitoring water quality in Boston Harbor and its tributary rivers since 1989. Collecting long-term water quality data helps to identify changes in,Quality_Controlled,0,nc,0,,,,,Massachusetts Water Resources Authority,http://www.mwra.state.ma.us/,"These data have not yet been published in the primary scientific literature and are the product of work by a number of scientists, many of whom have papers in preparation. Therefore, these data must not be used for publication without consulting first with MWRA's Environmental Quality Department at web.enquad@mwra.state.ma.us (or phone: 617-788-4941). Please convey this information to all who use the data."
2008-02-06 00:00:00,2008-02-06 00:00:00,0,11.42,The measurement was taken at river bottom. The Massachusetts Water Resources Authority's (MWRA) has been monitoring water quality in Boston Harbor and its tributary rivers since 1989. Collecting long-term water quality data helps to identify changes in,Quality_Controlled,0,nc,0,,,,,Massachusetts Water Resources Authority,http://www.mwra.state.ma.us/,"These data have not yet been published in the primary scientific literature and are the product of work by a number of scientists, many of whom have papers in preparation. Therefore, these data must not be used for publication without consulting first with MWRA's Environmental Quality Department at web.enquad@mwra.state.ma.us (or phone: 617-788-4941). Please convey this information to all who use the data."
2008-02-14 00:00:00,2008-02-14 00:00:00,0,10.91,The measurement was taken at river bottom. The Massachusetts Water Resources Authority's (MWRA) has been monitoring water quality in Boston Harbor and its tributary rivers since 1989. Collecting long-term water quality data helps to identify changes in,Quality_Controlled,0,nc,0,,,,,Massachusetts Water Resources Authority,http://www.mwra.state.ma.us/,"These data have not yet been published in the primary scientific literature and are the product of work by a number of scientists, many of whom have papers in preparation. Therefore, these data must not be used for publication without consulting first with MWRA's Environmental Quality Department at web.enquad@mwra.state.ma.us (or phone: 617-788-4941). Please convey this information to all who use the data."
2008-02-19 00:00:00,2008-02-19 00:00:00,0,11.35,The measurement was taken at river bottom. The Massachusetts Water Resources Authority's (MWRA) has been monitoring water quality in Boston Harbor and its tributary rivers since 1989. Collecting long-term water quality data helps to identify changes in,Quality_Controlled,0,nc,0,,,,,Massachusetts Water Resources Authority,http://www.mwra.state.ma.us/,"These data have not yet been published in the primary scientific literature and are the product of work by a number of scientists, many of whom have papers in preparation. Therefore, these data must not be used for publication without consulting first with MWRA's Environmental Quality Department at web.enquad@mwra.state.ma.us (or phone: 617-788-4941). Please convey this information to all who use the data."
2008-09-10 00:00:00,2008-09-10 00:00:00,0,5.27,The measurement was taken at river bottom. The Massachusetts Water Resources Authority's (MWRA) has been monitoring water quality in Boston Harbor and its tributary rivers since 1989. Collecting long-term water quality data helps to identify changes in,Quality_Controlled,0,nc,0,,,,,Massachusetts Water Resources Authority,http://www.mwra.state.ma.us/,"These data have not yet been published in the primary scientific literature and are the product of work by a number of scientists, many of whom have papers in preparation. Therefore, these data must not be used for publication without consulting first with MWRA's Environmental Quality Department at web.enquad@mwra.state.ma.us (or phone: 617-788-4941). Please convey this information to all who use the data."
2008-10-14 00:00:00,2008-10-14 00:00:00,0,7.66,The measurement was taken at river bottom. The Massachusetts Water Resources Authority's (MWRA) has been monitoring water quality in Boston Harbor and its tributary rivers since 1989. Collecting long-term water quality data helps to identify changes in,Quality_Controlled,0,nc,0,,,,,Massachusetts Water Resources Authority,http://www.mwra.state.ma.us/,"These data have not yet been published in the primary scientific literature and are the product of work by a number of scientists, many of whom have papers in preparation. Therefore, these data must not be used for publication without consulting first with MWRA's Environmental Quality Department at web.enquad@mwra.state.ma.us (or phone: 617-788-4941). Please convey this information to all who use the data."
2008-12-11 00:00:00,2008-12-11 00:00:00,0,10.02,The measurement was taken at river bottom. The Massachusetts Water Resources Authority's (MWRA) has been monitoring water quality in Boston Harbor and its tributary rivers since 1989. Collecting long-term water quality data helps to identify changes in,Quality_Controlled,0,nc,0,,,,,Massachusetts Water Resources Authority,http://www.mwra.state.ma.us/,"These data have not yet been published in the primary scientific literature and are the product of work by a number of scientists, many of whom have papers in preparation. Therefore, these data must not be used for publication without consulting first with MWRA's Environmental Quality Department at web.enquad@mwra.state.ma.us (or phone: 617-788-4941). Please convey this information to all who use the data."
2009-02-20 00:00:00,2009-02-20 00:00:00,0,12.67,The measurement was taken at river bottom. The Massachusetts Water Resources Authority's (MWRA) has been monitoring water quality in Boston Harbor and its tributary rivers since 1989. Collecting long-term water quality data helps to identify changes in,Quality_Controlled,0,nc,0,,,,,Massachusetts Water Resources Authority,http://www.mwra.state.ma.us/,"These data have not yet been published in the primary scientific literature and are the product of work by a number of scientists, many of whom have papers in preparation. Therefore, these data must not be used for publication without consulting first with MWRA's Environmental Quality Department at web.enquad@mwra.state.ma.us (or phone: 617-788-4941). Please convey this information to all who use the data."
2009-02-23 00:00:00,2009-02-23 00:00:00,0,13.19,The measurement was taken at river bottom. The Massachusetts Water Resources Authority's (MWRA) has been monitoring water quality in Boston Harbor and its tributary rivers since 1989. Collecting long-term water quality data helps to identify changes in,Quality_Controlled,0,nc,0,,,,,Massachusetts Water Resources Authority,http://www.mwra.state.ma.us/,"These data have not yet been published in the primary scientific literature and are the product of work by a number of scientists, many of whom have papers in preparation. Therefore, these data must not be used for publication without consulting first with MWRA's Environmental Quality Department at web.enquad@mwra.state.ma.us (or phone: 617-788-4941). Please convey this information to all who use the data."
2009-03-23 00:00:00,2009-03-23 00:00:00,0,12.5,The measurement was taken at river bottom. The Massachusetts Water Resources Authority's (MWRA) has been monitoring water quality in Boston Harbor and its tributary rivers since 1989. Collecting long-term water quality data helps to identify changes in,Quality_Controlled,0,nc,0,,,,,Massachusetts Water Resources Authority,http://www.mwra.state.ma.us/,"These data have not yet been published in the primary scientific literature and are the product of work by a number of scientists, many of whom have papers in preparation. Therefore, these data must not be used for publication without consulting first with MWRA's Environmental Quality Department at web.enquad@mwra.state.ma.us (or phone: 617-788-4941). Please convey this information to all who use the data."
2009-03-26 00:00:00,2009-03-26 00:00:00,0,13.26,The measurement was taken at river bottom. The Massachusetts Water Resources Authority's (MWRA) has been monitoring water quality in Boston Harbor and its tributary rivers since 1989. Collecting long-term water quality data helps to identify changes in,Quality_Controlled,0,nc,0,,,,,Massachusetts Water Resources Authority,http://www.mwra.state.ma.us/,"These data have not yet been published in the primary scientific literature and are the product of work by a number of scientists, many of whom have papers in preparation. Therefore, these data must not be used for publication without consulting first with MWRA's Environmental Quality Department at web.enquad@mwra.state.ma.us (or phone: 617-788-4941). Please convey this information to all who use the data."
2009-03-27 00:00:00,2009-03-27 00:00:00,0,11.64,The measurement was taken at river bottom. The Massachusetts Water Resources Authority's (MWRA) has been monitoring water quality in Boston Harbor and its tributary rivers since 1989. Collecting long-term water quality data helps to identify changes in,Quality_Controlled,0,nc,0,,,,,Massachusetts Water Resources Authority,http://www.mwra.state.ma.us/,"These data have not yet been published in the primary scientific literature and are the product of work by a number of scientists, many of whom have papers in preparation. Therefore, these data must not be used for publication without consulting first with MWRA's Environmental Quality Department at web.enquad@mwra.state.ma.us (or phone: 617-788-4941). Please convey this information to all who use the data."
2009-04-07 00:00:00,2009-04-07 00:00:00,0,12.58,The measurement was taken at river bottom. The Massachusetts Water Resources Authority's (MWRA) has been monitoring water quality in Boston Harbor and its tributary rivers since 1989. Collecting long-term water quality data helps to identify changes in,Quality_Controlled,0,nc,0,,,,,Massachusetts Water Resources Authority,http://www.mwra.state.ma.us/,"These data have not yet been published in the primary scientific literature and are the product of work by a number of scientists, many of whom have papers in preparation. Therefore, these data must not be used for publication without consulting first with MWRA's Environmental Quality Department at web.enquad@mwra.state.ma.us (or phone: 617-788-4941). Please convey this information to all who use the data."
2009-04-16 00:00:00,2009-04-16 00:00:00,0,11.32,The measurement was taken at river bottom. The Massachusetts Water Resources Authority's (MWRA) has been monitoring water quality in Boston Harbor and its tributary rivers since 1989. Collecting long-term water quality data helps to identify changes in,Quality_Controlled,0,nc,0,,,,,Massachusetts Water Resources Authority,http://www.mwra.state.ma.us/,"These data have not yet been published in the primary scientific literature and are the product of work by a number of scientists, many of whom have papers in preparation. Therefore, these data must not be used for publication without consulting first with MWRA's Environmental Quality Department at web.enquad@mwra.state.ma.us (or phone: 617-788-4941). Please convey this information to all who use the data."
2009-04-21 00:00:00,2009-04-21 00:00:00,0,12.04,The measurement was taken at river bottom. The Massachusetts Water Resources Authority's (MWRA) has been monitoring water quality in Boston Harbor and its tributary rivers since 1989. Collecting long-term water quality data helps to identify changes in,Quality_Controlled,0,nc,0,,,,,Massachusetts Water Resources Authority,http://www.mwra.state.ma.us/,"These data have not yet been published in the primary scientific literature and are the product of work by a number of scientists, many of whom have papers in preparation. Therefore, these data must not be used for publication without consulting first with MWRA's Environmental Quality Department at web.enquad@mwra.state.ma.us (or phone: 617-788-4941). Please convey this information to all who use the data."
2009-04-22 00:00:00,2009-04-22 00:00:00,0,13.35,The measurement was taken at river bottom. The Massachusetts Water Resources Authority's (MWRA) has been monitoring water quality in Boston Harbor and its tributary rivers since 1989. Collecting long-term water quality data helps to identify changes in,Quality_Controlled,0,nc,0,,,,,Massachusetts Water Resources Authority,http://www.mwra.state.ma.us/,"These data have not yet been published in the primary scientific literature and are the product of work by a number of scientists, many of whom have papers in preparation. Therefore, these data must not be used for publication without consulting first with MWRA's Environmental Quality Department at web.enquad@mwra.state.ma.us (or phone: 617-788-4941). Please convey this information to all who use the data."
2009-05-21 00:00:00,2009-05-21 00:00:00,0,9.34,The measurement was taken at river bottom. The Massachusetts Water Resources Authority's (MWRA) has been monitoring water quality in Boston Harbor and its tributary rivers since 1989. Collecting long-term water quality data helps to identify changes in,Quality_Controlled,0,nc,0,,,,,Massachusetts Water Resources Authority,http://www.mwra.state.ma.us/,"These data have not yet been published in the primary scientific literature and are the product of work by a number of scientists, many of whom have papers in preparation. Therefore, these data must not be used for publication without consulting first with MWRA's Environmental Quality Department at web.enquad@mwra.state.ma.us (or phone: 617-788-4941). Please convey this information to all who use the data."
2009-07-24 00:00:00,2009-07-24 00:00:00,0,6.97,The measurement was taken at river bottom. The Massachusetts Water Resources Authority's (MWRA) has been monitoring water quality in Boston Harbor and its tributary rivers since 1989. Collecting long-term water quality data helps to identify changes in,Quality_Controlled,0,nc,0,,,,,Massachusetts Water Resources Authority,http://www.mwra.state.ma.us/,"These data have not yet been published in the primary scientific literature and are the product of work by a number of scientists, many of whom have papers in preparation. Therefore, these data must not be used for publication without consulting first with MWRA's Environmental Quality Department at web.enquad@mwra.state.ma.us (or phone: 617-788-4941). Please convey this information to all who use the data."
2009-08-28 00:00:00,2009-08-28 00:00:00,0,6.98,The measurement was taken at river bottom. The Massachusetts Water Resources Authority's (MWRA) has been monitoring water quality in Boston Harbor and its tributary rivers since 1989. Collecting long-term water quality data helps to identify changes in,Quality_Controlled,0,nc,0,,,,,Massachusetts Water Resources Authority,http://www.mwra.state.ma.us/,"These data have not yet been published in the primary scientific literature and are the product of work by a number of scientists, many of whom have papers in preparation. Therefore, these data must not be used for publication without consulting first with MWRA's Environmental Quality Department at web.enquad@mwra.state.ma.us (or phone: 617-788-4941). Please convey this information to all who use the data."
2009-10-19 00:00:00,2009-10-19 00:00:00,0,8.37,The measurement was taken at river bottom. The Massachusetts Water Resources Authority's (MWRA) has been monitoring water quality in Boston Harbor and its tributary rivers since 1989. Collecting long-term water quality data helps to identify changes in,Quality_Controlled,0,nc,0,,,,,Massachusetts Water Resources Authority,http://www.mwra.state.ma.us/,"These data have not yet been published in the primary scientific literature and are the product of work by a number of scientists, many of whom have papers in preparation. Therefore, these data must not be used for publication without consulting first with MWRA's Environmental Quality Department at web.enquad@mwra.state.ma.us (or phone: 617-788-4941). Please convey this information to all who use the data."
2009-10-26 00:00:00,2009-10-26 00:00:00,0,7.92,The measurement was taken at river bottom. The Massachusetts Water Resources Authority's (MWRA) has been monitoring water quality in Boston Harbor and its tributary rivers since 1989. Collecting long-term water quality data helps to identify changes in,Quality_Controlled,0,nc,0,,,,,Massachusetts Water Resources Authority,http://www.mwra.state.ma.us/,"These data have not yet been published in the primary scientific literature and are the product of work by a number of scientists, many of whom have papers in preparation. Therefore, these data must not be used for publication without consulting first with MWRA's Environmental Quality Department at web.enquad@mwra.state.ma.us (or phone: 617-788-4941). Please convey this information to all who use the data."
2009-11-10 00:00:00,2009-11-10 00:00:00,0,8.1,The measurement was taken at river bottom. The Massachusetts Water Resources Authority's (MWRA) has been monitoring water quality in Boston Harbor and its tributary rivers since 1989. Collecting long-term water quality data helps to identify changes in,Quality_Controlled,0,nc,0,,,,,Massachusetts Water Resources Authority,http://www.mwra.state.ma.us/,"These data have not yet been published in the primary scientific literature and are the product of work by a number of scientists, many of whom have papers in preparation. Therefore, these data must not be used for publication without consulting first with MWRA's Environmental Quality Department at web.enquad@mwra.state.ma.us (or phone: 617-788-4941). Please convey this information to all who use the data."
2009-11-16 00:00:00,2009-11-16 00:00:00,0,8.17,The measurement was taken at river bottom. The Massachusetts Water Resources Authority's (MWRA) has been monitoring water quality in Boston Harbor and its tributary rivers since 1989. Collecting long-term water quality data helps to identify changes in,Quality_Controlled,0,nc,0,,,,,Massachusetts Water Resources Authority,http://www.mwra.state.ma.us/,"These data have not yet been published in the primary scientific literature and are the product of work by a number of scientists, many of whom have papers in preparation. Therefore, these data must not be used for publication without consulting first with MWRA's Environmental Quality Department at web.enquad@mwra.state.ma.us (or phone: 617-788-4941). Please convey this information to all who use the data."
2009-12-03 00:00:00,2009-12-03 00:00:00,0,8.64,The measurement was taken at river bottom. The Massachusetts Water Resources Authority's (MWRA) has been monitoring water quality in Boston Harbor and its tributary rivers since 1989. Collecting long-term water quality data helps to identify changes in,Quality_Controlled,0,nc,0,,,,,Massachusetts Water Resources Authority,http://www.mwra.state.ma.us/,"These data have not yet been published in the primary scientific literature and are the product of work by a number of scientists, many of whom have papers in preparation. Therefore, these data must not be used for publication without consulting first with MWRA's Environmental Quality Department at web.enquad@mwra.state.ma.us (or phone: 617-788-4941). Please convey this information to all who use the data."
2009-12-10 00:00:00,2009-12-10 00:00:00,0,8.87,The measurement was taken at river bottom. The Massachusetts Water Resources Authority's (MWRA) has been monitoring water quality in Boston Harbor and its tributary rivers since 1989. Collecting long-term water quality data helps to identify changes in,Quality_Controlled,0,nc,0,,,,,Massachusetts Water Resources Authority,http://www.mwra.state.ma.us/,"These data have not yet been published in the primary scientific literature and are the product of work by a number of scientists, many of whom have papers in preparation. Therefore, these data must not be used for publication without consulting first with MWRA's Environmental Quality Department at web.enquad@mwra.state.ma.us (or phone: 617-788-4941). Please convey this information to all who use the data."
2010-01-26 00:00:00,2010-01-26 00:00:00,0,10.7,The measurement was taken at river bottom. The Massachusetts Water Resources Authority's (MWRA) has been monitoring water quality in Boston Harbor and its tributary rivers since 1989. Collecting long-term water quality data helps to identify changes in,Quality_Controlled,0,nc,0,,,,,Massachusetts Water Resources Authority,http://www.mwra.state.ma.us/,"These data have not yet been published in the primary scientific literature and are the product of work by a number of scientists, many of whom have papers in preparation. Therefore, these data must not be used for publication without consulting first with MWRA's Environmental Quality Department at web.enquad@mwra.state.ma.us (or phone: 617-788-4941). Please convey this information to all who use the data."
2010-02-24 00:00:00,2010-02-24 00:00:00,0,11.2,The measurement was taken at river bottom. The Massachusetts Water Resources Authority's (MWRA) has been monitoring water quality in Boston Harbor and its tributary rivers since 1989. Collecting long-term water quality data helps to identify changes in,Quality_Controlled,0,nc,0,,,,,Massachusetts Water Resources Authority,http://www.mwra.state.ma.us/,"These data have not yet been published in the primary scientific literature and are the product of work by a number of scientists, many of whom have papers in preparation. Therefore, these data must not be used for publication without consulting first with MWRA's Environmental Quality Department at web.enquad@mwra.state.ma.us (or phone: 617-788-4941). Please convey this information to all who use the data."
2010-03-01 00:00:00,2010-03-01 00:00:00,0,11.3,The measurement was taken at river bottom. The Massachusetts Water Resources Authority's (MWRA) has been monitoring water quality in Boston Harbor and its tributary rivers since 1989. Collecting long-term water quality data helps to identify changes in,Quality_Controlled,0,nc,0,,,,,Massachusetts Water Resources Authority,http://www.mwra.state.ma.us/,"These data have not yet been published in the primary scientific literature and are the product of work by a number of scientists, many of whom have papers in preparation. Therefore, these data must not be used for publication without consulting first with MWRA's Environmental Quality Department at web.enquad@mwra.state.ma.us (or phone: 617-788-4941). Please convey this information to all who use the data."
2010-03-08 00:00:00,2010-03-08 00:00:00,0,10.21,The measurement was taken at river bottom. The Massachusetts Water Resources Authority's (MWRA) has been monitoring water quality in Boston Harbor and its tributary rivers since 1989. Collecting long-term water quality data helps to identify changes in,Quality_Controlled,0,nc,0,,,,,Massachusetts Water Resources Authority,http://www.mwra.state.ma.us/,"These data have not yet been published in the primary scientific literature and are the product of work by a number of scientists, many of whom have papers in preparation. Therefore, these data must not be used for publication without consulting first with MWRA's Environmental Quality Department at web.enquad@mwra.state.ma.us (or phone: 617-788-4941). Please convey this information to all who use the data."
2010-03-10 00:00:00,2010-03-10 00:00:00,0,10.71,The measurement was taken at river bottom. The Massachusetts Water Resources Authority's (MWRA) has been monitoring water quality in Boston Harbor and its tributary rivers since 1989. Collecting long-term water quality data helps to identify changes in,Quality_Controlled,0,nc,0,,,,,Massachusetts Water Resources Authority,http://www.mwra.state.ma.us/,"These data have not yet been published in the primary scientific literature and are the product of work by a number of scientists, many of whom have papers in preparation. Therefore, these data must not be used for publication without consulting first with MWRA's Environmental Quality Department at web.enquad@mwra.state.ma.us (or phone: 617-788-4941). Please convey this information to all who use the data."
2010-03-15 00:00:00,2010-03-15 00:00:00,0,9.81,The measurement was taken at river bottom. The Massachusetts Water Resources Authority's (MWRA) has been monitoring water quality in Boston Harbor and its tributary rivers since 1989. Collecting long-term water quality data helps to identify changes in,Quality_Controlled,0,nc,0,,,,,Massachusetts Water Resources Authority,http://www.mwra.state.ma.us/,"These data have not yet been published in the primary scientific literature and are the product of work by a number of scientists, many of whom have papers in preparation. Therefore, these data must not be used for publication without consulting first with MWRA's Environmental Quality Department at web.enquad@mwra.state.ma.us (or phone: 617-788-4941). Please convey this information to all who use the data."
2010-03-16 00:00:00,2010-03-16 00:00:00,0,10.56,The measurement was taken at river bottom. The Massachusetts Water Resources Authority's (MWRA) has been monitoring water quality in Boston Harbor and its tributary rivers since 1989. Collecting long-term water quality data helps to identify changes in,Quality_Controlled,0,nc,0,,,,,Massachusetts Water Resources Authority,http://www.mwra.state.ma.us/,"These data have not yet been published in the primary scientific literature and are the product of work by a number of scientists, many of whom have papers in preparation. Therefore, these data must not be used for publication without consulting first with MWRA's Environmental Quality Department at web.enquad@mwra.state.ma.us (or phone: 617-788-4941). Please convey this information to all who use the data."
2010-03-24 00:00:00,2010-03-24 00:00:00,0,9.79,The measurement was taken at river bottom. The Massachusetts Water Resources Authority's (MWRA) has been monitoring water quality in Boston Harbor and its tributary rivers since 1989. Collecting long-term water quality data helps to identify changes in,Quality_Controlled,0,nc,0,,,,,Massachusetts Water Resources Authority,http://www.mwra.state.ma.us/,"These data have not yet been published in the primary scientific literature and are the product of work by a number of scientists, many of whom have papers in preparation. Therefore, these data must not be used for publication without consulting first with MWRA's Environmental Quality Department at web.enquad@mwra.state.ma.us (or phone: 617-788-4941). Please convey this information to all who use the data."
2010-03-30 00:00:00,2010-03-30 00:00:00,0,10.19,The measurement was taken at river bottom. The Massachusetts Water Resources Authority's (MWRA) has been monitoring water quality in Boston Harbor and its tributary rivers since 1989. Collecting long-term water quality data helps to identify changes in,Quality_Controlled,0,nc,0,,,,,Massachusetts Water Resources Authority,http://www.mwra.state.ma.us/,"These data have not yet been published in the primary scientific literature and are the product of work by a number of scientists, many of whom have papers in preparation. Therefore, these data must not be used for publication without consulting first with MWRA's Environmental Quality Department at web.enquad@mwra.state.ma.us (or phone: 617-788-4941). Please convey this information to all who use the data."
2010-04-13 00:00:00,2010-04-13 00:00:00,0,9.88,The measurement was taken at river bottom. The Massachusetts Water Resources Authority's (MWRA) has been monitoring water quality in Boston Harbor and its tributary rivers since 1989. Collecting long-term water quality data helps to identify changes in,Quality_Controlled,0,nc,0,,,,,Massachusetts Water Resources Authority,http://www.mwra.state.ma.us/,"These data have not yet been published in the primary scientific literature and are the product of work by a number of scientists, many of whom have papers in preparation. Therefore, these data must not be used for publication without consulting first with MWRA's Environmental Quality Department at web.enquad@mwra.state.ma.us (or phone: 617-788-4941). Please convey this information to all who use the data."
2010-04-22 00:00:00,2010-04-22 00:00:00,0,9.34,The measurement was taken at river bottom. The Massachusetts Water Resources Authority's (MWRA) has been monitoring water quality in Boston Harbor and its tributary rivers since 1989. Collecting long-term water quality data helps to identify changes in,Quality_Controlled,0,nc,0,,,,,Massachusetts Water Resources Authority,http://www.mwra.state.ma.us/,"These data have not yet been published in the primary scientific literature and are the product of work by a number of scientists, many of whom have papers in preparation. Therefore, these data must not be used for publication without consulting first with MWRA's Environmental Quality Department at web.enquad@mwra.state.ma.us (or phone: 617-788-4941). Please convey this information to all who use the data."
2010-05-10 00:00:00,2010-05-10 00:00:00,0,9.14,The measurement was taken at river bottom. The Massachusetts Water Resources Authority's (MWRA) has been monitoring water quality in Boston Harbor and its tributary rivers since 1989. Collecting long-term water quality data helps to identify changes in,Quality_Controlled,0,nc,0,,,,,Massachusetts Water Resources Authority,http://www.mwra.state.ma.us/,"These data have not yet been published in the primary scientific literature and are the product of work by a number of scientists, many of whom have papers in preparation. Therefore, these data must not be used for publication without consulting first with MWRA's Environmental Quality Department at web.enquad@mwra.state.ma.us (or phone: 617-788-4941). Please convey this information to all who use the data."
2010-05-18 00:00:00,2010-05-18 00:00:00,0,10.17,The measurement was taken at river bottom. The Massachusetts Water Resources Authority's (MWRA) has been monitoring water quality in Boston Harbor and its tributary rivers since 1989. Collecting long-term water quality data helps to identify changes in,Quality_Controlled,0,nc,0,,,,,Massachusetts Water Resources Authority,http://www.mwra.state.ma.us/,"These data have not yet been published in the primary scientific literature and are the product of work by a number of scientists, many of whom have papers in preparation. Therefore, these data must not be used for publication without consulting first with MWRA's Environmental Quality Department at web.enquad@mwra.state.ma.us (or phone: 617-788-4941). Please convey this information to all who use the data."
2010-05-19 00:00:00,2010-05-19 00:00:00,0,10.14,The measurement was taken at river bottom. The Massachusetts Water Resources Authority's (MWRA) has been monitoring water quality in Boston Harbor and its tributary rivers since 1989. Collecting long-term water quality data helps to identify changes in,Quality_Controlled,0,nc,0,,,,,Massachusetts Water Resources Authority,http://www.mwra.state.ma.us/,"These data have not yet been published in the primary scientific literature and are the product of work by a number of scientists, many of whom have papers in preparation. Therefore, these data must not be used for publication without consulting first with MWRA's Environmental Quality Department at web.enquad@mwra.state.ma.us (or phone: 617-788-4941). Please convey this information to all who use the data."
2010-07-27 00:00:00,2010-07-27 00:00:00,0,8.03,The measurement was taken at river bottom. The Massachusetts Water Resources Authority's (MWRA) has been monitoring water quality in Boston Harbor and its tributary rivers since 1989. Collecting long-term water quality data helps to identify changes in,Quality_Controlled,0,nc,0,,,,,Massachusetts Water Resources Authority,http://www.mwra.state.ma.us/,"These data have not yet been published in the primary scientific literature and are the product of work by a number of scientists, many of whom have papers in preparation. Therefore, these data must not be used for publication without consulting first with MWRA's Environmental Quality Department at web.enquad@mwra.state.ma.us (or phone: 617-788-4941). Please convey this information to all who use the data."
2010-07-28 00:00:00,2010-07-28 00:00:00,0,7.55,The measurement was taken at river bottom. The Massachusetts Water Resources Authority's (MWRA) has been monitoring water quality in Boston Harbor and its tributary rivers since 1989. Collecting long-term water quality data helps to identify changes in,Quality_Controlled,0,nc,0,,,,,Massachusetts Water Resources Authority,http://www.mwra.state.ma.us/,"These data have not yet been published in the primary scientific literature and are the product of work by a number of scientists, many of whom have papers in preparation. Therefore, these data must not be used for publication without consulting first with MWRA's Environmental Quality Department at web.enquad@mwra.state.ma.us (or phone: 617-788-4941). Please convey this information to all who use the data."
2010-08-24 00:00:00,2010-08-24 00:00:00,0,6.52,The measurement was taken at river bottom. The Massachusetts Water Resources Authority's (MWRA) has been monitoring water quality in Boston Harbor and its tributary rivers since 1989. Collecting long-term water quality data helps to identify changes in,Quality_Controlled,0,nc,0,,,,,Massachusetts Water Resources Authority,http://www.mwra.state.ma.us/,"These data have not yet been published in the primary scientific literature and are the product of work by a number of scientists, many of whom have papers in preparation. Therefore, these data must not be used for publication without consulting first with MWRA's Environmental Quality Department at web.enquad@mwra.state.ma.us (or phone: 617-788-4941). Please convey this information to all who use the data."
2010-08-25 00:00:00,2010-08-25 00:00:00,0,6.27,The measurement was taken at river bottom. The Massachusetts Water Resources Authority's (MWRA) has been monitoring water quality in Boston Harbor and its tributary rivers since 1989. Collecting long-term water quality data helps to identify changes in,Quality_Controlled,0,nc,0,,,,,Massachusetts Water Resources Authority,http://www.mwra.state.ma.us/,"These data have not yet been published in the primary scientific literature and are the product of work by a number of scientists, many of whom have papers in preparation. Therefore, these data must not be used for publication without consulting first with MWRA's Environmental Quality Department at web.enquad@mwra.state.ma.us (or phone: 617-788-4941). Please convey this information to all who use the data."
2010-08-26 00:00:00,2010-08-26 00:00:00,0,6.34,The measurement was taken at river bottom. The Massachusetts Water Resources Authority's (MWRA) has been monitoring water quality in Boston Harbor and its tributary rivers since 1989. Collecting long-term water quality data helps to identify changes in,Quality_Controlled,0,nc,0,,,,,Massachusetts Water Resources Authority,http://www.mwra.state.ma.us/,"These data have not yet been published in the primary scientific literature and are the product of work by a number of scientists, many of whom have papers in preparation. Therefore, these data must not be used for publication without consulting first with MWRA's Environmental Quality Department at web.enquad@mwra.state.ma.us (or phone: 617-788-4941). Please convey this information to all who use the data."
2010-09-23 00:00:00,2010-09-23 00:00:00,0,7.41,The measurement was taken at river bottom. The Massachusetts Water Resources Authority's (MWRA) has been monitoring water quality in Boston Harbor and its tributary rivers since 1989. Collecting long-term water quality data helps to identify changes in,Quality_Controlled,0,nc,0,,,,,Massachusetts Water Resources Authority,http://www.mwra.state.ma.us/,"These data have not yet been published in the primary scientific literature and are the product of work by a number of scientists, many of whom have papers in preparation. Therefore, these data must not be used for publication without consulting first with MWRA's Environmental Quality Department at web.enquad@mwra.state.ma.us (or phone: 617-788-4941). Please convey this information to all who use the data."
2010-10-07 00:00:00,2010-10-07 00:00:00,0,6.66,The measurement was taken at river bottom. The Massachusetts Water Resources Authority's (MWRA) has been monitoring water quality in Boston Harbor and its tributary rivers since 1989. Collecting long-term water quality data helps to identify changes in,Quality_Controlled,0,nc,0,,,,,Massachusetts Water Resources Authority,http://www.mwra.state.ma.us/,"These data have not yet been published in the primary scientific literature and are the product of work by a number of scientists, many of whom have papers in preparation. Therefore, these data must not be used for publication without consulting first with MWRA's Environmental Quality Department at web.enquad@mwra.state.ma.us (or phone: 617-788-4941). Please convey this information to all who use the data."
2010-10-15 00:00:00,2010-10-15 00:00:00,0,8.16,The measurement was taken at river bottom. The Massachusetts Water Resources Authority's (MWRA) has been monitoring water quality in Boston Harbor and its tributary rivers since 1989. Collecting long-term water quality data helps to identify changes in,Quality_Controlled,0,nc,0,,,,,Massachusetts Water Resources Authority,http://www.mwra.state.ma.us/,"These data have not yet been published in the primary scientific literature and are the product of work by a number of scientists, many of whom have papers in preparation. Therefore, these data must not be used for publication without consulting first with MWRA's Environmental Quality Department at web.enquad@mwra.state.ma.us (or phone: 617-788-4941). Please convey this information to all who use the data."
2010-10-19 00:00:00,2010-10-19 00:00:00,0,7.9,The measurement was taken at river bottom. The Massachusetts Water Resources Authority's (MWRA) has been monitoring water quality in Boston Harbor and its tributary rivers since 1989. Collecting long-term water quality data helps to identify changes in,Quality_Controlled,0,nc,0,,,,,Massachusetts Water Resources Authority,http://www.mwra.state.ma.us/,"These data have not yet been published in the primary scientific literature and are the product of work by a number of scientists, many of whom have papers in preparation. Therefore, these data must not be used for publication without consulting first with MWRA's Environmental Quality Department at web.enquad@mwra.state.ma.us (or phone: 617-788-4941). Please convey this information to all who use the data."
2010-11-05 00:00:00,2010-11-05 00:00:00,0,8.62,The measurement was taken at river bottom. The Massachusetts Water Resources Authority's (MWRA) has been monitoring water quality in Boston Harbor and its tributary rivers since 1989. Collecting long-term water quality data helps to identify changes in,Quality_Controlled,0,nc,0,,,,,Massachusetts Water Resources Authority,http://www.mwra.state.ma.us/,"These data have not yet been published in the primary scientific literature and are the product of work by a number of scientists, many of whom have papers in preparation. Therefore, these data must not be used for publication without consulting first with MWRA's Environmental Quality Department at web.enquad@mwra.state.ma.us (or phone: 617-788-4941). Please convey this information to all who use the data."
2010-11-22 00:00:00,2010-11-22 00:00:00,0,8.53,The measurement was taken at river bottom. The Massachusetts Water Resources Authority's (MWRA) has been monitoring water quality in Boston Harbor and its tributary rivers since 1989. Collecting long-term water quality data helps to identify changes in,Quality_Controlled,0,nc,0,,,,,Massachusetts Water Resources Authority,http://www.mwra.state.ma.us/,"These data have not yet been published in the primary scientific literature and are the product of work by a number of scientists, many of whom have papers in preparation. Therefore, these data must not be used for publication without consulting first with MWRA's Environmental Quality Department at web.enquad@mwra.state.ma.us (or phone: 617-788-4941). Please convey this information to all who use the data."
2011-01-19 00:00:00,2011-01-19 00:00:00,0,11.15,The measurement was taken at river bottom. The Massachusetts Water Resources Authority's (MWRA) has been monitoring water quality in Boston Harbor and its tributary rivers since 1989. Collecting long-term water quality data helps to identify changes in,Quality_Controlled,0,nc,0,,,,,Massachusetts Water Resources Authority,http://www.mwra.state.ma.us/,"These data have not yet been published in the primary scientific literature and are the product of work by a number of scientists, many of whom have papers in preparation. Therefore, these data must not be used for publication without consulting first with MWRA's Environmental Quality Department at web.enquad@mwra.state.ma.us (or phone: 617-788-4941). Please convey this information to all who use the data."
2011-02-15 00:00:00,2011-02-15 00:00:00,0,10.94,The measurement was taken at river bottom. The Massachusetts Water Resources Authority's (MWRA) has been monitoring water quality in Boston Harbor and its tributary rivers since 1989. Collecting long-term water quality data helps to identify changes in,Quality_Controlled,0,nc,0,,,,,Massachusetts Water Resources Authority,http://www.mwra.state.ma.us/,"These data have not yet been published in the primary scientific literature and are the product of work by a number of scientists, many of whom have papers in preparation. Therefore, these data must not be used for publication without consulting first with MWRA's Environmental Quality Department at web.enquad@mwra.state.ma.us (or phone: 617-788-4941). Please convey this information to all who use the data."
2011-02-16 00:00:00,2011-02-16 00:00:00,0,12.63,The measurement was taken at river bottom. The Massachusetts Water Resources Authority's (MWRA) has been monitoring water quality in Boston Harbor and its tributary rivers since 1989. Collecting long-term water quality data helps to identify changes in,Quality_Controlled,0,nc,0,,,,,Massachusetts Water Resources Authority,http://www.mwra.state.ma.us/,"These data have not yet been published in the primary scientific literature and are the product of work by a number of scientists, many of whom have papers in preparation. Therefore, these data must not be used for publication without consulting first with MWRA's Environmental Quality Department at web.enquad@mwra.state.ma.us (or phone: 617-788-4941). Please convey this information to all who use the data."
2011-03-01 00:00:00,2011-03-01 00:00:00,0,10.44,The measurement was taken at river bottom. The Massachusetts Water Resources Authority's (MWRA) has been monitoring water quality in Boston Harbor and its tributary rivers since 1989. Collecting long-term water quality data helps to identify changes in,Quality_Controlled,0,nc,0,,,,,Massachusetts Water Resources Authority,http://www.mwra.state.ma.us/,"These data have not yet been published in the primary scientific literature and are the product of work by a number of scientists, many of whom have papers in preparation. Therefore, these data must not be used for publication without consulting first with MWRA's Environmental Quality Department at web.enquad@mwra.state.ma.us (or phone: 617-788-4941). Please convey this information to all who use the data."
2011-03-28 00:00:00,2011-03-28 00:00:00,0,9.79,The measurement was taken at river bottom. The Massachusetts Water Resources Authority's (MWRA) has been monitoring water quality in Boston Harbor and its tributary rivers since 1989. Collecting long-term water quality data helps to identify changes in,Quality_Controlled,0,nc,0,,,,,Massachusetts Water Resources Authority,http://www.mwra.state.ma.us/,"These data have not yet been published in the primary scientific literature and are the product of work by a number of scientists, many of whom have papers in preparation. Therefore, these data must not be used for publication without consulting first with MWRA's Environmental Quality Department at web.enquad@mwra.state.ma.us (or phone: 617-788-4941). Please convey this information to all who use the data."
2011-04-05 00:00:00,2011-04-05 00:00:00,0,9.83,The measurement was taken at river bottom. The Massachusetts Water Resources Authority's (MWRA) has been monitoring water quality in Boston Harbor and its tributary rivers since 1989. Collecting long-term water quality data helps to identify changes in,Quality_Controlled,0,nc,0,,,,,Massachusetts Water Resources Authority,http://www.mwra.state.ma.us/,"These data have not yet been published in the primary scientific literature and are the product of work by a number of scientists, many of whom have papers in preparation. Therefore, these data must not be used for publication without consulting first with MWRA's Environmental Quality Department at web.enquad@mwra.state.ma.us (or phone: 617-788-4941). Please convey this information to all who use the data."
2011-04-13 00:00:00,2011-04-13 00:00:00,0,9.89,The measurement was taken at river bottom. The Massachusetts Water Resources Authority's (MWRA) has been monitoring water quality in Boston Harbor and its tributary rivers since 1989. Collecting long-term water quality data helps to identify changes in,Quality_Controlled,0,nc,0,,,,,Massachusetts Water Resources Authority,http://www.mwra.state.ma.us/,"These data have not yet been published in the primary scientific literature and are the product of work by a number of scientists, many of whom have papers in preparation. Therefore, these data must not be used for publication without consulting first with MWRA's Environmental Quality Department at web.enquad@mwra.state.ma.us (or phone: 617-788-4941). Please convey this information to all who use the data."
2011-05-16 00:00:00,2011-05-16 00:00:00,0,8.07,The measurement was taken at river bottom. The Massachusetts Water Resources Authority's (MWRA) has been monitoring water quality in Boston Harbor and its tributary rivers since 1989. Collecting long-term water quality data helps to identify changes in,Quality_Controlled,0,nc,0,,,,,Massachusetts Water Resources Authority,http://www.mwra.state.ma.us/,"These data have not yet been published in the primary scientific literature and are the product of work by a number of scientists, many of whom have papers in preparation. Therefore, these data must not be used for publication without consulting first with MWRA's Environmental Quality Department at web.enquad@mwra.state.ma.us (or phone: 617-788-4941). Please convey this information to all who use the data."
2011-05-19 00:00:00,2011-05-19 00:00:00,0,7.66,The measurement was taken at river bottom. The Massachusetts Water Resources Authority's (MWRA) has been monitoring water quality in Boston Harbor and its tributary rivers since 1989. Collecting long-term water quality data helps to identify changes in,Quality_Controlled,0,nc,0,,,,,Massachusetts Water Resources Authority,http://www.mwra.state.ma.us/,"These data have not yet been published in the primary scientific literature and are the product of work by a number of scientists, many of whom have papers in preparation. Therefore, these data must not be used for publication without consulting first with MWRA's Environmental Quality Department at web.enquad@mwra.state.ma.us (or phone: 617-788-4941). Please convey this information to all who use the data."
2011-05-31 00:00:00,2011-05-31 00:00:00,0,10.24,The measurement was taken at river bottom. The Massachusetts Water Resources Authority's (MWRA) has been monitoring water quality in Boston Harbor and its tributary rivers since 1989. Collecting long-term water quality data helps to identify changes in,Quality_Controlled,0,nc,0,,,,,Massachusetts Water Resources Authority,http://www.mwra.state.ma.us/,"These data have not yet been published in the primary scientific literature and are the product of work by a number of scientists, many of whom have papers in preparation. Therefore, these data must not be used for publication without consulting first with MWRA's Environmental Quality Department at web.enquad@mwra.state.ma.us (or phone: 617-788-4941). Please convey this information to all who use the data."
2011-06-06 00:00:00,2011-06-06 00:00:00,0,9.29,The measurement was taken at river bottom. The Massachusetts Water Resources Authority's (MWRA) has been monitoring water quality in Boston Harbor and its tributary rivers since 1989. Collecting long-term water quality data helps to identify changes in,Quality_Controlled,0,nc,0,,,,,Massachusetts Water Resources Authority,http://www.mwra.state.ma.us/,"These data have not yet been published in the primary scientific literature and are the product of work by a number of scientists, many of whom have papers in preparation. Therefore, these data must not be used for publication without consulting first with MWRA's Environmental Quality Department at web.enquad@mwra.state.ma.us (or phone: 617-788-4941). Please convey this information to all who use the data."
2011-06-23 00:00:00,2011-06-23 00:00:00,0,7.83,The measurement was taken at river bottom. The Massachusetts Water Resources Authority's (MWRA) has been monitoring water quality in Boston Harbor and its tributary rivers since 1989. Collecting long-term water quality data helps to identify changes in,Quality_Controlled,0,nc,0,,,,,Massachusetts Water Resources Authority,http://www.mwra.state.ma.us/,"These data have not yet been published in the primary scientific literature and are the product of work by a number of scientists, many of whom have papers in preparation. Therefore, these data must not be used for publication without consulting first with MWRA's Environmental Quality Department at web.enquad@mwra.state.ma.us (or phone: 617-788-4941). Please convey this information to all who use the data."
2011-07-07 00:00:00,2011-07-07 00:00:00,0,7.08,The measurement was taken at river bottom. The Massachusetts Water Resources Authority's (MWRA) has been monitoring water quality in Boston Harbor and its tributary rivers since 1989. Collecting long-term water quality data helps to identify changes in,Quality_Controlled,0,nc,0,,,,,Massachusetts Water Resources Authority,http://www.mwra.state.ma.us/,"These data have not yet been published in the primary scientific literature and are the product of work by a number of scientists, many of whom have papers in preparation. Therefore, these data must not be used for publication without consulting first with MWRA's Environmental Quality Department at web.enquad@mwra.state.ma.us (or phone: 617-788-4941). Please convey this information to all who use the data."
2011-07-14 00:00:00,2011-07-14 00:00:00,0,8.01,The measurement was taken at river bottom. The Massachusetts Water Resources Authority's (MWRA) has been monitoring water quality in Boston Harbor and its tributary rivers since 1989. Collecting long-term water quality data helps to identify changes in,Quality_Controlled,0,nc,0,,,,,Massachusetts Water Resources Authority,http://www.mwra.state.ma.us/,"These data have not yet been published in the primary scientific literature and are the product of work by a number of scientists, many of whom have papers in preparation. Therefore, these data must not be used for publication without consulting first with MWRA's Environmental Quality Department at web.enquad@mwra.state.ma.us (or phone: 617-788-4941). Please convey this information to all who use the data."
2011-07-19 00:00:00,2011-07-19 00:00:00,0,5.99,The measurement was taken at river bottom. The Massachusetts Water Resources Authority's (MWRA) has been monitoring water quality in Boston Harbor and its tributary rivers since 1989. Collecting long-term water quality data helps to identify changes in,Quality_Controlled,0,nc,0,,,,,Massachusetts Water Resources Authority,http://www.mwra.state.ma.us/,"These data have not yet been published in the primary scientific literature and are the product of work by a number of scientists, many of whom have papers in preparation. Therefore, these data must not be used for publication without consulting first with MWRA's Environmental Quality Department at web.enquad@mwra.state.ma.us (or phone: 617-788-4941). Please convey this information to all who use the data."
2011-08-08 00:00:00,2011-08-08 00:00:00,0,6.88,The measurement was taken at river bottom. The Massachusetts Water Resources Authority's (MWRA) has been monitoring water quality in Boston Harbor and its tributary rivers since 1989. Collecting long-term water quality data helps to identify changes in,Quality_Controlled,0,nc,0,,,,,Massachusetts Water Resources Authority,http://www.mwra.state.ma.us/,"These data have not yet been published in the primary scientific literature and are the product of work by a number of scientists, many of whom have papers in preparation. Therefore, these data must not be used for publication without consulting first with MWRA's Environmental Quality Department at web.enquad@mwra.state.ma.us (or phone: 617-788-4941). Please convey this information to all who use the data."
2011-08-10 00:00:00,2011-08-10 00:00:00,0,6.65,The measurement was taken at river bottom. The Massachusetts Water Resources Authority's (MWRA) has been monitoring water quality in Boston Harbor and its tributary rivers since 1989. Collecting long-term water quality data helps to identify changes in,Quality_Controlled,0,nc,0,,,,,Massachusetts Water Resources Authority,http://www.mwra.state.ma.us/,"These data have not yet been published in the primary scientific literature and are the product of work by a number of scientists, many of whom have papers in preparation. Therefore, these data must not be used for publication without consulting first with MWRA's Environmental Quality Department at web.enquad@mwra.state.ma.us (or phone: 617-788-4941). Please convey this information to all who use the data."
2011-08-15 00:00:00,2011-08-15 00:00:00,0,5.73,The measurement was taken at river bottom. The Massachusetts Water Resources Authority's (MWRA) has been monitoring water quality in Boston Harbor and its tributary rivers since 1989. Collecting long-term water quality data helps to identify changes in,Quality_Controlled,0,nc,0,,,,,Massachusetts Water Resources Authority,http://www.mwra.state.ma.us/,"These data have not yet been published in the primary scientific literature and are the product of work by a number of scientists, many of whom have papers in preparation. Therefore, these data must not be used for publication without consulting first with MWRA's Environmental Quality Department at web.enquad@mwra.state.ma.us (or phone: 617-788-4941). Please convey this information to all who use the data."
2011-08-29 00:00:00,2011-08-29 00:00:00,0,6.35,The measurement was taken at river bottom. The Massachusetts Water Resources Authority's (MWRA) has been monitoring water quality in Boston Harbor and its tributary rivers since 1989. Collecting long-term water quality data helps to identify changes in,Quality_Controlled,0,nc,0,,,,,Massachusetts Water Resources Authority,http://www.mwra.state.ma.us/,"These data have not yet been published in the primary scientific literature and are the product of work by a number of scientists, many of whom have papers in preparation. Therefore, these data must not be used for publication without consulting first with MWRA's Environmental Quality Department at web.enquad@mwra.state.ma.us (or phone: 617-788-4941). Please convey this information to all who use the data."
2011-09-01 00:00:00,2011-09-01 00:00:00,0,5.88,The measurement was taken at river bottom. The Massachusetts Water Resources Authority's (MWRA) has been monitoring water quality in Boston Harbor and its tributary rivers since 1989. Collecting long-term water quality data helps to identify changes in,Quality_Controlled,0,nc,0,,,,,Massachusetts Water Resources Authority,http://www.mwra.state.ma.us/,"These data have not yet been published in the primary scientific literature and are the product of work by a number of scientists, many of whom have papers in preparation. Therefore, these data must not be used for publication without consulting first with MWRA's Environmental Quality Department at web.enquad@mwra.state.ma.us (or phone: 617-788-4941). Please convey this information to all who use the data."
2011-10-04 00:00:00,2011-10-04 00:00:00,0,6.19,The measurement was taken at river bottom. The Massachusetts Water Resources Authority's (MWRA) has been monitoring water quality in Boston Harbor and its tributary rivers since 1989. Collecting long-term water quality data helps to identify changes in,Quality_Controlled,0,nc,0,,,,,Massachusetts Water Resources Authority,http://www.mwra.state.ma.us/,"These data have not yet been published in the primary scientific literature and are the product of work by a number of scientists, many of whom have papers in preparation. Therefore, these data must not be used for publication without consulting first with MWRA's Environmental Quality Department at web.enquad@mwra.state.ma.us (or phone: 617-788-4941). Please convey this information to all who use the data."
2011-10-14 00:00:00,2011-10-14 00:00:00,0,7.23,The measurement was taken at river bottom. The Massachusetts Water Resources Authority's (MWRA) has been monitoring water quality in Boston Harbor and its tributary rivers since 1989. Collecting long-term water quality data helps to identify changes in,Quality_Controlled,0,nc,0,,,,,Massachusetts Water Resources Authority,http://www.mwra.state.ma.us/,"These data have not yet been published in the primary scientific literature and are the product of work by a number of scientists, many of whom have papers in preparation. Therefore, these data must not be used for publication without consulting first with MWRA's Environmental Quality Department at web.enquad@mwra.state.ma.us (or phone: 617-788-4941). Please convey this information to all who use the data."
2011-11-08 00:00:00,2011-11-08 00:00:00,0,7.99,The measurement was taken at river bottom. The Massachusetts Water Resources Authority's (MWRA) has been monitoring water quality in Boston Harbor and its tributary rivers since 1989. Collecting long-term water quality data helps to identify changes in,Quality_Controlled,0,nc,0,,,,,Massachusetts Water Resources Authority,http://www.mwra.state.ma.us/,"These data have not yet been published in the primary scientific literature and are the product of work by a number of scientists, many of whom have papers in preparation. Therefore, these data must not be used for publication without consulting first with MWRA's Environmental Quality Department at web.enquad@mwra.state.ma.us (or phone: 617-788-4941). Please convey this information to all who use the data."
2011-11-21 00:00:00,2011-11-21 00:00:00,0,6.91,The measurement was taken at river bottom. The Massachusetts Water Resources Authority's (MWRA) has been monitoring water quality in Boston Harbor and its tributary rivers since 1989. Collecting long-term water quality data helps to identify changes in,Quality_Controlled,0,nc,0,,,,,Massachusetts Water Resources Authority,http://www.mwra.state.ma.us/,"These data have not yet been published in the primary scientific literature and are the product of work by a number of scientists, many of whom have papers in preparation. Therefore, these data must not be used for publication without consulting first with MWRA's Environmental Quality Department at web.enquad@mwra.state.ma.us (or phone: 617-788-4941). Please convey this information to all who use the data."
2011-11-23 00:00:00,2011-11-23 00:00:00,0,8.19,The measurement was taken at river bottom. The Massachusetts Water Resources Authority's (MWRA) has been monitoring water quality in Boston Harbor and its tributary rivers since 1989. Collecting long-term water quality data helps to identify changes in,Quality_Controlled,0,nc,0,,,,,Massachusetts Water Resources Authority,http://www.mwra.state.ma.us/,"These data have not yet been published in the primary scientific literature and are the product of work by a number of scientists, many of whom have papers in preparation. Therefore, these data must not be used for publication without consulting first with MWRA's Environmental Quality Department at web.enquad@mwra.state.ma.us (or phone: 617-788-4941). Please convey this information to all who use the data."
2011-12-20 00:00:00,2011-12-20 00:00:00,0,8.13,The measurement was taken at river bottom. The Massachusetts Water Resources Authority's (MWRA) has been monitoring water quality in Boston Harbor and its tributary rivers since 1989. Collecting long-term water quality data helps to identify changes in,Quality_Controlled,0,nc,0,,,,,Massachusetts Water Resources Authority,http://www.mwra.state.ma.us/,"These data have not yet been published in the primary scientific literature and are the product of work by a number of scientists, many of whom have papers in preparation. Therefore, these data must not be used for publication without consulting first with MWRA's Environmental Quality Department at web.enquad@mwra.state.ma.us (or phone: 617-788-4941). Please convey this information to all who use the data."
2012-02-07 00:00:00,2012-02-07 00:00:00,0,9.83,The measurement was taken at river bottom. The Massachusetts Water Resources Authority's (MWRA) has been monitoring water quality in Boston Harbor and its tributary rivers since 1989. Collecting long-term water quality data helps to identify changes in,Quality_Controlled,0,nc,0,,,,,Massachusetts Water Resources Authority,http://www.mwra.state.ma.us/,"These data have not yet been published in the primary scientific literature and are the product of work by a number of scientists, many of whom have papers in preparation. Therefore, these data must not be used for publication without consulting first with MWRA's Environmental Quality Department at web.enquad@mwra.state.ma.us (or phone: 617-788-4941). Please convey this information to all who use the data."
2012-02-28 00:00:00,2012-02-28 00:00:00,0,10.83,The measurement was taken at river bottom. The Massachusetts Water Resources Authority's (MWRA) has been monitoring water quality in Boston Harbor and its tributary rivers since 1989. Collecting long-term water quality data helps to identify changes in,Quality_Controlled,0,nc,0,,,,,Massachusetts Water Resources Authority,http://www.mwra.state.ma.us/,"These data have not yet been published in the primary scientific literature and are the product of work by a number of scientists, many of whom have papers in preparation. Therefore, these data must not be used for publication without consulting first with MWRA's Environmental Quality Department at web.enquad@mwra.state.ma.us (or phone: 617-788-4941). Please convey this information to all who use the data."
2012-03-08 00:00:00,2012-03-08 00:00:00,0,10.63,The measurement was taken at river bottom. The Massachusetts Water Resources Authority's (MWRA) has been monitoring water quality in Boston Harbor and its tributary rivers since 1989. Collecting long-term water quality data helps to identify changes in,Quality_Controlled,0,nc,0,,,,,Massachusetts Water Resources Authority,http://www.mwra.state.ma.us/,"These data have not yet been published in the primary scientific literature and are the product of work by a number of scientists, many of whom have papers in preparation. Therefore, these data must not be used for publication without consulting first with MWRA's Environmental Quality Department at web.enquad@mwra.state.ma.us (or phone: 617-788-4941). Please convey this information to all who use the data."
2012-04-17 00:00:00,2012-04-17 00:00:00,0,9.64,The measurement was taken at river bottom. The Massachusetts Water Resources Authority's (MWRA) has been monitoring water quality in Boston Harbor and its tributary rivers since 1989. Collecting long-term water quality data helps to identify changes in,Quality_Controlled,0,nc,0,,,,,Massachusetts Water Resources Authority,http://www.mwra.state.ma.us/,"These data have not yet been published in the primary scientific literature and are the product of work by a number of scientists, many of whom have papers in preparation. Therefore, these data must not be used for publication without consulting first with MWRA's Environmental Quality Department at web.enquad@mwra.state.ma.us (or phone: 617-788-4941). Please convey this information to all who use the data."
2012-04-23 00:00:00,2012-04-23 00:00:00,0,8.57,The measurement was taken at river bottom. The Massachusetts Water Resources Authority's (MWRA) has been monitoring water quality in Boston Harbor and its tributary rivers since 1989. Collecting long-term water quality data helps to identify changes in,Quality_Controlled,0,nc,0,,,,,Massachusetts Water Resources Authority,http://www.mwra.state.ma.us/,"These data have not yet been published in the primary scientific literature and are the product of work by a number of scientists, many of whom have papers in preparation. Therefore, these data must not be used for publication without consulting first with MWRA's Environmental Quality Department at web.enquad@mwra.state.ma.us (or phone: 617-788-4941). Please convey this information to all who use the data."
2012-06-26 00:00:00,2012-06-26 00:00:00,0,6.7,The measurement was taken at river bottom. The Massachusetts Water Resources Authority's (MWRA) has been monitoring water quality in Boston Harbor and its tributary rivers since 1989. Collecting long-term water quality data helps to identify changes in,Quality_Controlled,0,nc,0,,,,,Massachusetts Water Resources Authority,http://www.mwra.state.ma.us/,"These data have not yet been published in the primary scientific literature and are the product of work by a number of scientists, many of whom have papers in preparation. Therefore, these data must not be used for publication without consulting first with MWRA's Environmental Quality Department at web.enquad@mwra.state.ma.us (or phone: 617-788-4941). Please convey this information to all who use the data."
2012-09-13 00:00:00,2012-09-13 00:00:00,0,6.49,The measurement was taken at river bottom. The Massachusetts Water Resources Authority's (MWRA) has been monitoring water quality in Boston Harbor and its tributary rivers since 1989. Collecting long-term water quality data helps to identify changes in,Quality_Controlled,0,nc,0,,,,,Massachusetts Water Resources Authority,http://www.mwra.state.ma.us/,"These data have not yet been published in the primary scientific literature and are the product of work by a number of scientists, many of whom have papers in preparation. Therefore, these data must not be used for publication without consulting first with MWRA's Environmental Quality Department at web.enquad@mwra.state.ma.us (or phone: 617-788-4941). Please convey this information to all who use the data."
2012-10-30 00:00:00,2012-10-30 00:00:00,0,8.19,The measurement was taken at river bottom. The Massachusetts Water Resources Authority's (MWRA) has been monitoring water quality in Boston Harbor and its tributary rivers since 1989. Collecting long-term water quality data helps to identify changes in,Quality_Controlled,0,nc,0,,,,,Massachusetts Water Resources Authority,http://www.mwra.state.ma.us/,"These data have not yet been published in the primary scientific literature and are the product of work by a number of scientists, many of whom have papers in preparation. Therefore, these data must not be used for publication without consulting first with MWRA's Environmental Quality Department at web.enquad@mwra.state.ma.us (or phone: 617-788-4941). Please convey this information to all who use the data."
2012-11-09 00:00:00,2012-11-09 00:00:00,0,7.79,The measurement was taken at river bottom. The Massachusetts Water Resources Authority's (MWRA) has been monitoring water quality in Boston Harbor and its tributary rivers since 1989. Collecting long-term water quality data helps to identify changes in,Quality_Controlled,0,nc,0,,,,,Massachusetts Water Resources Authority,http://www.mwra.state.ma.us/,"These data have not yet been published in the primary scientific literature and are the product of work by a number of scientists, many of whom have papers in preparation. Therefore, these data must not be used for publication without consulting first with MWRA's Environmental Quality Department at web.enquad@mwra.state.ma.us (or phone: 617-788-4941). Please convey this information to all who use the data."
2012-12-11 00:00:00,2012-12-11 00:00:00,0,10.2,The measurement was taken at river bottom. The Massachusetts Water Resources Authority's (MWRA) has been monitoring water quality in Boston Harbor and its tributary rivers since 1989. Collecting long-term water quality data helps to identify changes in,Quality_Controlled,0,nc,0,,,,,Massachusetts Water Resources Authority,http://www.mwra.state.ma.us/,"These data have not yet been published in the primary scientific literature and are the product of work by a number of scientists, many of whom have papers in preparation. Therefore, these data must not be used for publication without consulting first with MWRA's Environmental Quality Department at web.enquad@mwra.state.ma.us (or phone: 617-788-4941). Please convey this information to all who use the data."
2012-12-18 00:00:00,2012-12-18 00:00:00,0,10.07,The measurement was taken at river bottom. The Massachusetts Water Resources Authority's (MWRA) has been monitoring water quality in Boston Harbor and its tributary rivers since 1989. Collecting long-term water quality data helps to identify changes in,Quality_Controlled,0,nc,0,,,,,Massachusetts Water Resources Authority,http://www.mwra.state.ma.us/,"These data have not yet been published in the primary scientific literature and are the product of work by a number of scientists, many of whom have papers in preparation. Therefore, these data must not be used for publication without consulting first with MWRA's Environmental Quality Department at web.enquad@mwra.state.ma.us (or phone: 617-788-4941). Please convey this information to all who use the data."
2012-12-28 00:00:00,2012-12-28 00:00:00,0,10.64,The measurement was taken at river bottom. The Massachusetts Water Resources Authority's (MWRA) has been monitoring water quality in Boston Harbor and its tributary rivers since 1989. Collecting long-term water quality data helps to identify changes in,Quality_Controlled,0,nc,0,,,,,Massachusetts Water Resources Authority,http://www.mwra.state.ma.us/,"These data have not yet been published in the primary scientific literature and are the product of work by a number of scientists, many of whom have papers in preparation. Therefore, these data must not be used for publication without consulting first with MWRA's Environmental Quality Department at web.enquad@mwra.state.ma.us (or phone: 617-788-4941). Please convey this information to all who use the data."
2013-01-31 00:00:00,2013-01-31 00:00:00,0,10.87,The measurement was taken at river bottom. The Massachusetts Water Resources Authority's (MWRA) has been monitoring water quality in Boston Harbor and its tributary rivers since 1989. Collecting long-term water quality data helps to identify changes in,Quality_Controlled,0,nc,0,,,,,Massachusetts Water Resources Authority,http://www.mwra.state.ma.us/,"These data have not yet been published in the primary scientific literature and are the product of work by a number of scientists, many of whom have papers in preparation. Therefore, these data must not be used for publication without consulting first with MWRA's Environmental Quality Department at web.enquad@mwra.state.ma.us (or phone: 617-788-4941). Please convey this information to all who use the data."
2013-02-25 00:00:00,2013-02-25 00:00:00,0,8.25,The measurement was taken at river bottom. The Massachusetts Water Resources Authority's (MWRA) has been monitoring water quality in Boston Harbor and its tributary rivers since 1989. Collecting long-term water quality data helps to identify changes in,Quality_Controlled,0,nc,0,,,,,Massachusetts Water Resources Authority,http://www.mwra.state.ma.us/,"These data have not yet been published in the primary scientific literature and are the product of work by a number of scientists, many of whom have papers in preparation. Therefore, these data must not be used for publication without consulting first with MWRA's Environmental Quality Department at web.enquad@mwra.state.ma.us (or phone: 617-788-4941). Please convey this information to all who use the data."
2013-02-28 00:00:00,2013-02-28 00:00:00,0,10.16,The measurement was taken at river bottom. The Massachusetts Water Resources Authority's (MWRA) has been monitoring water quality in Boston Harbor and its tributary rivers since 1989. Collecting long-term water quality data helps to identify changes in,Quality_Controlled,0,nc,0,,,,,Massachusetts Water Resources Authority,http://www.mwra.state.ma.us/,"These data have not yet been published in the primary scientific literature and are the product of work by a number of scientists, many of whom have papers in preparation. Therefore, these data must not be used for publication without consulting first with MWRA's Environmental Quality Department at web.enquad@mwra.state.ma.us (or phone: 617-788-4941). Please convey this information to all who use the data."
2013-05-10 00:00:00,2013-05-10 00:00:00,0,10.31,The measurement was taken at river bottom. The Massachusetts Water Resources Authority's (MWRA) has been monitoring water quality in Boston Harbor and its tributary rivers since 1989. Collecting long-term water quality data helps to identify changes in,Quality_Controlled,0,nc,0,,,,,Massachusetts Water Resources Authority,http://www.mwra.state.ma.us/,"These data have not yet been published in the primary scientific literature and are the product of work by a number of scientists, many of whom have papers in preparation. Therefore, these data must not be used for publication without consulting first with MWRA's Environmental Quality Department at web.enquad@mwra.state.ma.us (or phone: 617-788-4941). Please convey this information to all who use the data."
2013-05-22 00:00:00,2013-05-22 00:00:00,0,10.34,The measurement was taken at river bottom. The Massachusetts Water Resources Authority's (MWRA) has been monitoring water quality in Boston Harbor and its tributary rivers since 1989. Collecting long-term water quality data helps to identify changes in,Quality_Controlled,0,nc,0,,,,,Massachusetts Water Resources Authority,http://www.mwra.state.ma.us/,"These data have not yet been published in the primary scientific literature and are the product of work by a number of scientists, many of whom have papers in preparation. Therefore, these data must not be used for publication without consulting first with MWRA's Environmental Quality Department at web.enquad@mwra.state.ma.us (or phone: 617-788-4941). Please convey this information to all who use the data."
2013-06-12 00:00:00,2013-06-12 00:00:00,0,7.96,The measurement was taken at river bottom. The Massachusetts Water Resources Authority's (MWRA) has been monitoring water quality in Boston Harbor and its tributary rivers since 1989. Collecting long-term water quality data helps to identify changes in,Quality_Controlled,0,nc,0,,,,,Massachusetts Water Resources Authority,http://www.mwra.state.ma.us/,"These data have not yet been published in the primary scientific literature and are the product of work by a number of scientists, many of whom have papers in preparation. Therefore, these data must not be used for publication without consulting first with MWRA's Environmental Quality Department at web.enquad@mwra.state.ma.us (or phone: 617-788-4941). Please convey this information to all who use the data."
2013-07-26 00:00:00,2013-07-26 00:00:00,0,6.85,The measurement was taken at river bottom. The Massachusetts Water Resources Authority's (MWRA) has been monitoring water quality in Boston Harbor and its tributary rivers since 1989. Collecting long-term water quality data helps to identify changes in,Quality_Controlled,0,nc,0,,,,,Massachusetts Water Resources Authority,http://www.mwra.state.ma.us/,"These data have not yet been published in the primary scientific literature and are the product of work by a number of scientists, many of whom have papers in preparation. Therefore, these data must not be used for publication without consulting first with MWRA's Environmental Quality Department at web.enquad@mwra.state.ma.us (or phone: 617-788-4941). Please convey this information to all who use the data."
2013-12-10 00:00:00,2013-12-10 00:00:00,0,9.76,The measurement was taken at river bottom. The Massachusetts Water Resources Authority's (MWRA) has been monitoring water quality in Boston Harbor and its tributary rivers since 1989. Collecting long-term water quality data helps to identify changes in,Quality_Controlled,0,nc,0,,,,,Massachusetts Water Resources Authority,http://www.mwra.state.ma.us/,"These data have not yet been published in the primary scientific literature and are the product of work by a number of scientists, many of whom have papers in preparation. Therefore, these data must not be used for publication without consulting first with MWRA's Environmental Quality Department at web.enquad@mwra.state.ma.us (or phone: 617-788-4941). Please convey this information to all who use the data."
2013-12-30 00:00:00,2013-12-30 00:00:00,0,9.76,The measurement was taken at river bottom. The Massachusetts Water Resources Authority's (MWRA) has been monitoring water quality in Boston Harbor and its tributary rivers since 1989. Collecting long-term water quality data helps to identify changes in,Quality_Controlled,0,nc,0,,,,,Massachusetts Water Resources Authority,http://www.mwra.state.ma.us/,"These data have not yet been published in the primary scientific literature and are the product of work by a number of scientists, many of whom have papers in preparation. Therefore, these data must not be used for publication without consulting first with MWRA's Environmental Quality Department at web.enquad@mwra.state.ma.us (or phone: 617-788-4941). Please convey this information to all who use the data."
2014-01-15 00:00:00,2014-01-15 00:00:00,0,10.17,The measurement was taken at river bottom. The Massachusetts Water Resources Authority's (MWRA) has been monitoring water quality in Boston Harbor and its tributary rivers since 1989. Collecting long-term water quality data helps to identify changes in,Quality_Controlled,0,nc,0,,,,,Massachusetts Water Resources Authority,http://www.mwra.state.ma.us/,"These data have not yet been published in the primary scientific literature and are the product of work by a number of scientists, many of whom have papers in preparation. Therefore, these data must not be used for publication without consulting first with MWRA's Environmental Quality Department at web.enquad@mwra.state.ma.us (or phone: 617-788-4941). Please convey this information to all who use the data."
2014-03-31 00:00:00,2014-03-31 00:00:00,0,10.4,The measurement was taken at river bottom. The Massachusetts Water Resources Authority's (MWRA) has been monitoring water quality in Boston Harbor and its tributary rivers since 1989. Collecting long-term water quality data helps to identify changes in,Quality_Controlled,0,nc,0,,,,,Massachusetts Water Resources Authority,http://www.mwra.state.ma.us/,"These data have not yet been published in the primary scientific literature and are the product of work by a number of scientists, many of whom have papers in preparation. Therefore, these data must not be used for publication without consulting first with MWRA's Environmental Quality Department at web.enquad@mwra.state.ma.us (or phone: 617-788-4941). Please convey this information to all who use the data."
2014-04-08 00:00:00,2014-04-08 00:00:00,0,9.26,The measurement was taken at river bottom. The Massachusetts Water Resources Authority's (MWRA) has been monitoring water quality in Boston Harbor and its tributary rivers since 1989. Collecting long-term water quality data helps to identify changes in,Quality_Controlled,0,nc,0,,,,,Massachusetts Water Resources Authority,http://www.mwra.state.ma.us/,"These data have not yet been published in the primary scientific literature and are the product of work by a number of scientists, many of whom have papers in preparation. Therefore, these data must not be used for publication without consulting first with MWRA's Environmental Quality Department at web.enquad@mwra.state.ma.us (or phone: 617-788-4941). Please convey this information to all who use the data."
2014-04-16 00:00:00,2014-04-16 00:00:00,0,10.26,The measurement was taken at river bottom. The Massachusetts Water Resources Authority's (MWRA) has been monitoring water quality in Boston Harbor and its tributary rivers since 1989. Collecting long-term water quality data helps to identify changes in,Quality_Controlled,0,nc,0,,,,,Massachusetts Water Resources Authority,http://www.mwra.state.ma.us/,"These data have not yet been published in the primary scientific literature and are the product of work by a number of scientists, many of whom have papers in preparation. Therefore, these data must not be used for publication without consulting first with MWRA's Environmental Quality Department at web.enquad@mwra.state.ma.us (or phone: 617-788-4941). Please convey this information to all who use the data."
2014-10-02 00:00:00,2014-10-02 00:00:00,0,6.08,The measurement was taken at river bottom. The Massachusetts Water Resources Authority's (MWRA) has been monitoring water quality in Boston Harbor and its tributary rivers since 1989. Collecting long-term water quality data helps to identify changes in,Quality_Controlled,0,nc,0,,,,,Massachusetts Water Resources Authority,http://www.mwra.state.ma.us/,"These data have not yet been published in the primary scientific literature and are the product of work by a number of scientists, many of whom have papers in preparation. Therefore, these data must not be used for publication without consulting first with MWRA's Environmental Quality Department at web.enquad@mwra.state.ma.us (or phone: 617-788-4941). Please convey this information to all who use the data."
2014-11-18 00:00:00,2014-11-18 00:00:00,0,8.35,The measurement was taken at river bottom. The Massachusetts Water Resources Authority's (MWRA) has been monitoring water quality in Boston Harbor and its tributary rivers since 1989. Collecting long-term water quality data helps to identify changes in,Quality_Controlled,0,nc,0,,,,,Massachusetts Water Resources Authority,http://www.mwra.state.ma.us/,"These data have not yet been published in the primary scientific literature and are the product of work by a number of scientists, many of whom have papers in preparation. Therefore, these data must not be used for publication without consulting first with MWRA's Environmental Quality Department at web.enquad@mwra.state.ma.us (or phone: 617-788-4941). Please convey this information to all who use the data."
2014-12-03 00:00:00,2014-12-03 00:00:00,0,9.21,The measurement was taken at river bottom. The Massachusetts Water Resources Authority's (MWRA) has been monitoring water quality in Boston Harbor and its tributary rivers since 1989. Collecting long-term water quality data helps to identify changes in,Quality_Controlled,0,nc,0,,,,,Massachusetts Water Resources Authority,http://www.mwra.state.ma.us/,"These data have not yet been published in the primary scientific literature and are the product of work by a number of scientists, many of whom have papers in preparation. Therefore, these data must not be used for publication without consulting first with MWRA's Environmental Quality Department at web.enquad@mwra.state.ma.us (or phone: 617-788-4941). Please convey this information to all who use the data."
